Organisme;Domaine;Email recommandé;Réponse outil DomainFinder;Autres emails publics
ALPES – Association Lyon Promotion Éducation Sociale;alpes-formation.fr;s.pariat@alpes-formation.fr;"alpes@alpes-formation.fr; jb.ramond@alpes-formation.fr; c.marx@alpes-formation.fr; jp.quadrio@alpes-formation.fr";"alpes@alpes-formation.fr; jb.ramond@alpes-formation.fr; c.marx@alpes-formation.fr; jp.quadrio@alpes-formation.fr"
GRETA de Grenoble;greta-grenoble.fr;greta.grenoble.contacts@ac-grenoble.fr;;greta.grenoble.contact@gretadegrenoble.fr
GIP FCIP Paris;gip-fcip.paris;mychael.clairicia@ac-paris.fr;;"formations-competences@ac-paris.fr; gip-fcip@ac-paris.fr"
AFEC;afec.fr;paris@afec.fr;paris@afec.fr, poissy@afec.fr, lille@afec.fr, contact@afec.fr, montreuil@afec.fr, contact-95@afec.fr, angouleme@afec.fr;"contact@afec.fr; poissy@afec.fr; lille@afec.fr; montreuil@afec.fr; angouleme@afec.fr"
CFP Presqu’Île;cfp-presquile.fr;cfp.presquile@cfp-presquile.com;;contact@cfp-presquile.com
OSENGO;osengo.fr;contact.aformac63@osengo.fr;f.zaldivar@osengo.fr, osengo.consulting@osengo.fr, direction@osengo.fr, hello@osengo.fr;"service.client@osengo.fr; contact.aformac03@osengo.fr; contact.aformac15@osengo.fr; contact.aformac43@osengo.fr"
ILLIade Formation;illiade-formation.fr;contact@illiade-formation.fr;contact@illiade-formation.fr;
PROJEXIA;projexia.fr;contact@projexia.fr;contact@projexia.fr;
NEPSOD;nepsod.com;accueil@nepsod.com;"Directeur d'agence : f.last@nepsod.com; Accueil ; accueil@nepsod.com";
AGISS Formation;formation-agiss.fr;christine@formation-agiss.fr;qualite@formation-agiss.fr, christine@formation-agiss.fr, contact@formation-agiss.fr;contact@formation-agiss.fr
AFPA;afpa.fr;yoann.marszalek@afpa.fr;attestationretraites@afpa.fr, recrutementopvv@afpa.fr, accessibilite@afpa.fr, cooperation-internationale@afpa.fr, afpa-international@afpa.fr, matu.infos@afpa.fr, alliance@afpa.fr, entreprises-hautsdefrance@afpa.fr;"patricia.carrere@afpa.fr; territoire.digital@afpa.fr"
GRETA Auvergne;greta.ac-clermont.fr;greta-auvergne@ac-clermont.fr;dpd@ac-clermont.fr, greta-auvergne@ac-clermont.fr, dafpicgip-qualite@ac-clermont.fr, gaelle.mendy@ac-clermont.fr, ce.dava@ac-clermont.fr, greta-auvergne.agence03@ac-clermont.fr, greta.bc@ac-clermont.fr, agencecommercialedesgreta@ac-clermont.fr, aogip@ac-clermont.fr, agence03@ac-clermont.fr;"greta-auvergne.agence63@ac-clermont.fr; greta-auvergne.agence15@ac-clermont.fr"
BTP CFA Cantal;btpcfa-aura.fr;contact.cantal@btpcfa-aura.fr;President : caroline.pratperret@btpcfa-aura.fr, Président : wenceslas.renault@btpcfa-aura.fr, contact.ain@btpcfa-aura.fr, contact.rhone@btpcfa-aura.fr, Regional Development Manager : pascale.duhen@btpcfa-aura.fr, AFRA partner-site coordinateur : vanessa.eymard@btpcfa-aura.fr, Youth and enterprise advisor : nathalie.caudy@btpcfa-aura.fr, Relation entreprise : catherine.aurel@btpcfa-aura.fr, sabine.markiewicz@btpcfa-aura.fr, Employment and training advisor : laurence.bourelle@btpcfa-aura.fr, yannick.meloux@btpcfa-aura.fr, lucile.morvant@btpcfa-aura.fr, jeanphilippe.duran@btpcfa-aura.fr, mylene.lasnier@btpcfa-aura.fr, catherine.gillio@btpcfa-aura.fr, agnes.ideale@btpcfa-aura.fr, corinne.mollard@btpcfa-aura.fr, florian.hazebroucq@btpcfa-aura.fr, contact.allier@btpcfa-aura.fr, contact.cantal@btpcfa-aura.fr, contact.dromeardeche@btpcfa-aura.fr, contact.hauteloire@btpcfa-aura.fr, contact.isere@btpcfa-aura.fr, contact.loireroanne@btpcfa-aura.fr, contact.savoie@btpcfa-aura.fr, stephanie.grandclement@btpcfa-aura.fr, communication@btpcfa-aura.fr, contact@btpcfa-aura.fr, rh@btpcfa-aura.fr, accueil.afra@btpcfa-aura.fr, contact.loiresaintetienne@btpcfa-aura.fr;
CCI du Cantal;cantal.cci.fr;formation@cantal.cci.fr;Directeur Général : cdouhet@cantal.cci.fr, Responsable du Pôle Développement Économique  : pcombourieu@cantal.cci.fr, Conseillère Formation : lgontineac@cantal.cci.fr, Assistante de direction : cbouquier@cantal.cci.fr, Responsable de la communication : nmonclus@cantal.cci.fr, Conseiller Formation / Référent pédagogique : jpradalsauvagnac@cantal.cci.fr, Conseillère Formation : jdelort@cantal.cci.fr, Conseiller Formation THD - Commercial : idib@cantal.cci.fr , Chargée du Centre de Formalités des Entreprises : abonnet@cantal.cci.fr, Conseiller Transmission : fgodbarge@cantal.cci.fr, Conseillère Création-Reprise :cvinas@cantal.cci.fr , Fichier, accueil, and incoming-call qualification : nprat@cantal.cci.fr, Conseiller Commerce : sgazal@cantal.cci.fr, General reception : accueil@cantal.cci.fr, Generic institutional contact : cci@cantal.cci.fr;
GRETA CFA Loire;greta-cfa.ac-lyon.fr;greta-cfa.loire@ac-lyon.fr;"Emmanuel Karger ? Directeur du développement ? emmanuel.karger@greta-cfa.ac-lyon.fr
Nicolas Buisson ? Directeur Opérationnel ? nicolas.buisson@greta-cfa.ac-lyon.fr    Markdown collé
Estelle Elibol ? Ressources humaines ? estelle.elibol@ac-lyon.fr
Irene Cottinet ? Commerciale ? irene.cottinet@ac-lyon.fr
Rafika Lakhal ? Commerciale ? rafika.lakhal@ac-lyon.fr
Aurore Bonniau ? Conseiller ? aurore.bonniau@ac-lyon.fr
Frederic Labbaye ? Conseiller ? frederic.labbaye@ac-lyon.fr
Patrick Thevenon ? Conseiller ? patrick.thevenon@ac-lyon.fr    Markdown collé
Alain Daudel ? Professional Contact ? alain.daudel@ac-lyon.fr
Andrea Ferriere ? Professional Contact ? andrea.ferriere@ac-lyon.fr
Brigitte Crepet Victor ? Professional Contact ? brigitte.crepet-victor@ac-lyon.fr
Maeva Blanc ? Professional Contact ? maeva.blanc@ac-lyon.fr
Hélène Carfagna ? Directrice Opérationnelle ? hlne.carfagna@greta-cfa.ac-lyon.fr    Markdown collé
Mouna Sdaissi ? Directrice Opérationnelle ? mouna.sdaissi@greta-cfa.ac-lyon.fr
Sandra Guerin ? Directrice Opérationnel ? sandra.guerin@greta-cfa.ac-lyon.fr
Stefanie Gontard ? Professional Contact ? stefanie.gontard@ac-lyon.fr";
IFRA;ifra.fr;contact@ifra.fr;"IFRA Rhône-Alpes ? Contact régional / opérations régionales ? rhone-alpes@ifra.fr
IFRA Webmaster ? Webmaster / site web ? webmaster@ifra.fr
IFRA Ingénierie ? Ingénierie de formation ? ingenierie@ifra.fr
IFRA Contact général ? Contact général ? contact@ifra.fr";"rhone-grandlyon@ifra.fr; ingenierie@ifra.fr"
Les Clés de l’Atelier;lesclesdelatelier.fr;contact@lesclesdelatelier.fr;"David ZONFRILLO ? Directeur Général ? dz@lesclesdelatelier.fr
Fred Dubost ? Responsable des services g ? fdu@lesclesdelatelier.fr
Ruth MBENDE ? Chargée de recrutement ? rm@lesclesdelatelier.fr
Amin KHENICHE ? Professional Contact ? ak@lesclesdelatelier.fr
Clémentine CAMIAT ? Professional Contact ? cc@lesclesdelatelier.fr
Dounia GUENAOUI ? Professional Contact ? dg@lesclesdelatelier.fr
Vincent COURT ? Professional Contact ? vc@lesclesdelatelier.fr
tm ? Professional Contact ? tm@lesclesdelatelier.fr
rb ? Professional Contact ? rb@lesclesdelatelier.fr
candidat ? Professional Contact ? candidat@lesclesdelatelier.fr
Contact ? Conseiller ? contact@lesclesdelatelier.fr
Pc ? Disability Inclusion ? pc@lesclesdelatelier.fr
Communication ? Communications and Recruitment ? communication@lesclesdelatelier.fr";
GRETA Savoie Haute-Savoie;greta-savoiehautesavoie.fr;contact@greta73-74.fr;"Jean-Michel Deplante ? Directeur, IFAS/IFAP ? jeanmichel.deplante@greta-savoiehautesavoie.fr
Vanessa Pereira ? Directrice ? vanessa.pereira@greta-savoiehautesavoie.fr
Stéphane Burgun ? Ordonnateur ? stephane.burgun@greta-savoiehautesavoie.fr
Karine Bocquin ? Conseillère en Formation Professionnelle ? karine.bocquin@greta-savoiehautesavoie.fr
Nathalie Montfort ? Responsable de Formation / Coordinatrice ? nathalie.montfort@greta-savoiehautesavoie.fr
Cristina Virone ? Formatrice / Conseillère en formation ? cristina.virone@greta-savoiehautesavoie.fr
Anne-Violaine Favier ? Conseillère en Formation Professionnelle ? anneviolaine.favier@greta-savoiehautesavoie.fr
Emmanuelle Antoine ? Contact formation ? emmanuelle.antoine@greta-savoiehautesavoie.fr
Karine Valentini ? Contact formation ? karine.valentini@greta-savoiehautesavoie.fr
Frédéric Mazars ? Contact formation ? frederic.mazars@greta-savoiehautesavoie.fr
Sylvie Bulcourt ? Responsable de Formation ? sylvie.bulcourt@greta-savoiehautesavoie.fr
Lucie Lobre ? Référente Handicap ? lucie.lobre@greta-savoiehautesavoie.fr
Virginie Naro ? Coordonnatrice ? virginie.naro@greta-savoiehautesavoie.fr
Stéphanie Tosoni ? Assistante de Direction ? stephanie.tosoni@greta-savoiehautesavoie.fr
Frédérique Lecomte ? Contact professionnel ? frederique.lecomte@greta-savoiehautesavoie.fr";
ASDER;asder.fr;formation@asder.asso.fr;;"info@asder.asso.fr; communication@asder.asso.fr"
GRETA CFA de l’Ain;greta-cfa.ac-lyon.fr;greta.ain@ac-lyon.fr;;aurelie.mace@ac-lyon.fr
APLOMB;aplomb38.com;gillet@aplomb38.org;;"asso.aplomb38@gmail.com; anjuere@aplomb38.org; formation.trema@aplomb38.org"
MFR Champ Molliaz;mfr-cranves-sales.fr;mfr.cranves-sales@mfr.asso.fr;;
WEAVERS;weaversfrance.org;lila.pierre@weaversfrance.org;"Flore Aubert ? Responsable marketing et communication ? flore.aubert@weaversfrance.org
Charlotte ? Responsable de l? ? charlotte@weaversfrance.org
Contact ? Fondatrice ? contact@weaversfrance.org
Lucie Delaloye ? Contact professionnel ? lucie.delaloye@weaversfrance.org
Coralie Msakni ? Contact professionnel ? coralie.msakni@weaversfrance.org
Emmanus Ouedraogo ? Contact professionnel ? emmanus.ouedraogo@weaversfrance.org
tude DARES ? Direction du Ministère du Travail ? tude.dares@weaversfrance.org
Gwenaelle ? Contact professionnel ? gwenaelle@weaversfrance.org
Marine ? Contact professionnel ? marine@weaversfrance.org
Annecy ? Contact professionnel ? annecy@weaversfrance.org
Annette ? Contact professionnel ? annette@weaversfrance.org
Grenoble ? Contact professionnel ? grenoble@weaversfrance.org
Helene ? Contact professionnel ? helene@weaversfrance.org
Nicolas ? Contact professionnel ? nicolas@weaversfrance.org";"contact@weaversfrance.org; geraldine@weaversfrance.org; gwenaelle@weaversfrance.org; emmanus.ouedraogo@weaversfrance.org"
Nouvelle Donne Formation;nouvelle-donne-formation.org;contact@nouvelle-donne-formation.org;"Annick Lebrun ? Présidente / Directrice ? a.lebrun@nouvelle-donne-formation.org
Marie Degache ? Fondatrice / ancienne Directrice ? m.degache@nouvelle-donne-formation.org
Ramona Houlet ? Contact formation / pédagogie ? r.houlet@nouvelle-donne-formation.org
Perrine Le Roux ? Employée, poste non précisé ? p.leroux@nouvelle-donne-formation.org
Séverine Rocacher ? Employée, poste non précisé ? s.rocacher@nouvelle-donne-formation.org
Nouvelle Donne Formation ? Contact général / administration ? contact@nouvelle-donne-formation.org";
UFCV Auvergne-Rhône-Alpes;ufcv.fr;formationpro-aura@ufcv.fr;"UFCV BAFA-BAFD ? Contact formation BAFA / BAFD ? bafa-bafd@ufcv.fr
UFCV Cellule VSS ? Prévention des violences sexistes et sexuelles ? cellulevss@ufcv.fr
UFCV Formation Professionnelle ? Formation professionnelle ? formation.professionnelle@ufcv.fr
UFCV SocioDébats ? SocioDébats ? sociodebats@ufcv.fr
UFCV Vacances Enfants et Jeunes ? Séjours enfants et jeunes ? vacances-enfants@ufcv.fr
UFCV Vacances Adaptées ? Vacances adaptées ? vacances.adaptees@ufcv.fr
Lucie Pinket ? Directrice de l’accueil de loisirs ? undetermined@ufcv.fr
UFCV DGESCO ? Direction générale de l’enseignement scolaire ? ufcv-dgesco@ufcv.fr
Publications ? Contact publications ? publications@ufcv.fr
UFCV Service Presse ? Presse / communication ? presse@ufcv.fr
UFCV Service Civique ? Service Civique ? mservice.civique@ufcv.fr
UFCV Hauts-de-France ? Contact régional Hauts-de-France ? ufcvhautsdefrance@ufcv.fr
UFCV Formation Professionnelle PACA ? Formation professionnelle PACA ? formationpro-paca@ufcv.fr";"rhone-alpes@ufcv.fr; auvergne@ufcv.fr; formation.professionnelle@ufcv.fr"
NACARAT Formations;nacarat-formations.fr;contact@nacarat-formations.fr;"Stéphanie Thepaut ? Coordinatrice pédagogique ? unknown_not_verified@nacarat-formations.fr
Contact ? Contact général ? contact@nacarat-formations.fr
CVE ? Recrutement de formateurs / Ambérieu-en-Bugey ? cve@nacarat-formations.fr
Elearning ? Digital learning / e-learning / conception ? elearning@nacarat-formations.fr
MGN ? Services aux particuliers / formation professionnelle ? mgn@nacarat-formations.fr";
Forez Insertion Formation Conseil;fifconseil.fr;contact@fifconseil.fr;"Yann Chamouret ? Président / Directeur de publication / Représentant légal / Contact formation ? yann.chamouret@fifconseil.fr
Christophe Benoit ? Coordinateur pédagogique / Contact organisme de formation / Coordinateur de site ? christophe.benoit@fifconseil.fr
Melvin Chamouret ? Référent site de formation / Responsable du site de Saint-Étienne ? melvin.chamouret@fifconseil.fr
Séverine Chamouret ? Vice-Présidente / Assistante de direction ? severine.chamouret@fifconseil.fr
Contact ? Président ? contact@fifconseil.fr";
Eclipse ISTEC / EI Groupe;groupe-ei.fr;catherine.marc@groupe-ei.fr;"Réclamation ? Responsable des cons? ? reclamation@groupe-ei.fr
Riri Goto ? Conseillère commerciale ? riri.goto@groupe-ei.fr
DPO ? Délégué à la protection des données ? dpo@groupe-ei.fr
Recrutement ? Ressources humaines / recrutement ? recrutement@groupe-ei.fr
Contact ? Contact général / client ? contact@groupe-ei.fr
Moodle ? Administration plateforme / e-learning ? moodle@groupe-ei.fr";
INFREP Drôme;infrep.org;infrep26@infrep.org;"Nadia DA SILVA ? Responsable d? ? contact45@infrep.org
Sébastien DUBOST ? Directeur R? ? infrep76@infrep.org
Amine HADDOUMI ? Contact professionnel ? infrep92@infrep.org
INFREP 75 ? Contact professionnel ? infrep75@infrep.org
INFREP 34 ? Commercial ? infrep34@infrep.org
INFREP 07 ? Contact professionnel ? infrep07@infrep.org
INFREP 33 ? Contact professionnel ? infrep33@infrep.org
INFREP 64 ? Contact professionnel ? infrep64@infrep.org";sdonel@infrep.org
CEFORA;cefora.org;corina.revol@cefora.org;"Kate Donaghey ? Contact professionnel ? kate.donaghey@cefora.org
Communication ? Communication / contact général ? communication@cefora.org
Centre DELF-DALF ? Certifications / centre d’examen DELF-DALF ? centredelfdalf@cefora.org";communication@cefora.org
DYNAM’&CO;dynameco.net;claudine.mukezangango@dynameco.net;Contact général / service ? contact@dynameco.net;contact@dynameco.net
Institut des Métiers Network;idmn-formations.fr;pedagogie@i2mc-formations.fr;;contact@i2mc-formations.fr
GIPAL Formation;gipal.fr;gipal-fao@ac-lyon.fr;;"dir-gipal@ac-lyon.fr; gipal-cafoc@ac-lyon.fr"
GRETA CFA HRA;gretacfahra.fr;greta-cfa.hra@ac-lyon.fr;"GRETA CFA HRA ? Contact général ? greta-cfa.hra@gretacfahra.fr
Relations Entreprises ? Relations entreprises / recrutement en apprentissage ? relationsentreprises@gretacfahra.fr
Accueil Vénissieux ? Accueil / admissions / formation continue ? accueil.venissieux@gretacfahra.fr";aurelie.bengasini@ac-lyon.fr
