Priorité;Organisme;Statut commercial;Signal FLE;Acheteur;Marché / lot probant;Zone;Date attribution;Montant attribué (€);Plafond du lot (€);Plateforme / concurrence connue;Angle commercial proposé;Preuve marché;URL preuve marché;Preuve plateforme;URL preuve plateforme;Remarque
A;ALPES – Association Lyon Promotion Éducation Sociale;Prospect direct;FLE à visée professionnelle;Grenoble Alpes Métropole;Lot 1 – Ateliers de formation linguistique à visée professionnelle;Isère / métropole grenobloise;14/04/2026;1 260 000,00 €;1 305 000,00 €;Non identifiée publiquement;"Plateforme + contenus FLE pro ; volume important et marché sur 3 ans";Ouvrir la preuve;https://www.francemarches.com/files/BOAMP/26-40510.html;;;Lauréat unique du lot 1.
B;GRETA de Grenoble;Institutionnel / à qualifier;FLE mobilité;Grenoble Alpes Métropole;Lot 2 – Français Langue Étrangère (FLE) mobilité;Isère;14/04/2026;45 000,00 €;1 305 000,00 €;Écosystème GRETA à qualifier;Contenus / interopérabilité plutôt que remplacement LMS en première approche;Ouvrir la preuve;https://www.francemarches.com/files/BOAMP/26-40510.html;;;"Marché FLE explicite ; potentiel plateforme à valider."
A;GIP FCIP Paris;Prospect direct;FLE à visée professionnelle;OPCO EP;Lot 2 – Formation en FLE à visée professionnelle;Île-de-France;04/08/2026;370 000,00 €;;Non identifiée publiquement;"Plateforme + contenus ; compte institutionnel à fort effet réseau";Ouvrir la preuve;https://centraledesmarches.com/marches-publics/Paris-OPCO-EP-PAR-Ile-De-France-et-Nouvelle-Aquitaine--Formations-aux-Savoirs-de-Base/602472;;;20 offres reçues : signal d'un marché structuré.
A;AFEC;Prospect direct;Médiation interculturelle et linguistique vers l'emploi (MILE);France Travail Nouvelle-Aquitaine;MILE – accord-cadre mono-attributaire;Bordeaux / Nouvelle-Aquitaine;17/08/2026;228 780,00 €;228 780,00 €;Non vérifiée;"Plateforme + contenus ; titulaire récent, besoin opérationnel immédiat";Ouvrir la preuve;https://www.akkel.fr/appel-offre/2026-81090-marche-services-dinsertion-type-emploi;;;Également présent sur plusieurs lots FLE France Travail AURA.
A;CFP Presqu'Île;Prospect direct;Formation linguistique intensive et à visée professionnelle;Saint-Nazaire Agglomération;Formation linguistique des publics primo-arrivants;Loire-Atlantique;27/05/2026;70 000,00 €;70 000,00 €;Non identifiée publiquement;"Plateforme légère + contenus ; organisme déjà engagé en multimodal";Ouvrir la preuve;https://www.francemarches.com/appel-offre/3boamp2651936-2026-prestation-formation-linguistique q=formation+linguistique;;;7 offres reçues.
A;RH Reflex;Prospect direct;Ateliers d'écriture / FLE;Métropole Nice Côte d'Azur;25N0626 – Prestations de formation FLE;Alpes-Maritimes;02/07/2026;19 600,00 €;25 000,00 €;Non identifiée publiquement;Petit compte test : vente rapide de contenus ou licence plateforme;Ouvrir la preuve;https://lacentraledesmarches.com/marches-publics/Nice-Metropole-Nice-Cote-d-Azur-25N0626-PRESTATIONS-DE-FORMATION-ATELIERS-D-ECRITURE-FRANCAIS-LANGUE-ETRANGERE-FLE/588957;;;Plafond indiqué : 25 k€ HT par an, marché reconductible.
A;OSENGO;Conquête Frello;FLE à visée professionnelle + DELF/DILF;France Travail Auvergne-Rhône-Alpes;Lot 18 – FLE départements 03/63/15;Allier / Puy-de-Dôme / Cantal;12/12/2024;677 180,00 €;6 657 987,64 €;Référencé par Frello;Conquête : challenger Frello sur contenus, suivi et plateforme;Ouvrir la preuve;https://www.akkel.fr/appel-offre/2024-138917-marche-services-formation-benefice-un;Voir la plateforme;https://frello.fr/programmes/fle.html;Attributaire seul du lot.
A;ILLIade Formation;Conquête Frello;FLE à visée professionnelle + DELF/DILF;France Travail Auvergne-Rhône-Alpes;Lot 19 – FLE département 42;Loire;12/12/2024;898 340,00 €;8 341 946,68 €;Utilise Frello;"Win-back / displacement Frello ; comprendre les raisons du changement d'outil";Ouvrir la preuve;https://www.akkel.fr/appel-offre/2024-138917-marche-services-formation-benefice-un;Voir la plateforme;https://illiade-formation.fr/fle-visee-professionnelle/;"Montant = attribution du groupement ; part individuelle non publiée."
A;PROJEXIA;Prospect direct;FLE à visée professionnelle + DELF/DILF;France Travail Auvergne-Rhône-Alpes;Lot 21 – FLE département 69;Rhône;12/12/2024;2 730 000,00 €;25 487 151,95 €;Non vérifiée;"Très gros volume potentiel ; plateforme + contenus + pilotage";Ouvrir la preuve;https://www.akkel.fr/appel-offre/2024-138917-marche-services-formation-benefice-un;;;"Montant = attribution du groupement ; part individuelle non publiée."
A;NEPSOD;Conquête Frello;FLE à visée professionnelle + DELF/DILF;France Travail Auvergne-Rhône-Alpes;Lot 27 – FLE département 74;Haute-Savoie;12/12/2024;798 240,00 €;7 541 215,99 €;Utilise Frello + MyCoach;Conquête directe : remplacement ou complément de Frello;Ouvrir la preuve;https://www.akkel.fr/appel-offre/2024-138917-marche-services-formation-benefice-un;Voir la plateforme;https://nepsod.com/formation/francais-langue-etrangere-a-visee-professionnelle/;"Attributaire seul du lot 27 ; également présent sur d'autres lots FLE."
A;AGISS Formation;Conquête Frello;FLE à visée professionnelle + DELF/DILF;France Travail Auvergne-Rhône-Alpes;Lot 23 – FLE département 26;Drôme;12/12/2024;596 290,00 €;5 107 943,18 €;Utilise Frello;Conquête directe sur une offre déjà hybridée présentiel/distanciel;Ouvrir la preuve;https://www.akkel.fr/appel-offre/2024-138917-marche-services-formation-benefice-un;Voir la plateforme;https://www.formation-agiss.fr/francais-langue-etrangere-et-remise-a-niveau/;Montant = attribution du groupement avec AFEC.
B;AFPA;Prospect / grand compte;FLE métiers BTP;France Travail Auvergne-Rhône-Alpes;Lot 4 – Bâtiment second œuvre / électricité + FLE métiers;03 / 63 / 15;12/12/2024;2 000 000,00 €;8 632 041,73 €;À qualifier;Contenus FLE métier + intégration plateforme à tester;Ouvrir la preuve;https://www.akkel.fr/appel-offre/2024-138917-marche-services-formation-benefice-un;;;Montant = attribution du groupement.
B;GRETA Auvergne;Institutionnel / à qualifier;FLE métiers industrie;France Travail Auvergne-Rhône-Alpes;Lot 33 – Industrie et travail des métaux + FLE métiers;03 / 63 / 15 / 42 / 43;12/12/2024;4 980 000,00 €;23 565 097,79 €;À qualifier;"Contenus métier ; intégration dans environnement existant";Ouvrir la preuve;https://www.akkel.fr/appel-offre/2024-138917-marche-services-formation-benefice-un;;;Montant = attribution du groupement.
C;BTP CFA Cantal;Prospect sectoriel;FLE métiers BTP;France Travail Auvergne-Rhône-Alpes;Lot 4 – Bâtiment second œuvre / électricité + FLE métiers;03 / 63 / 15;12/12/2024;2 000 000,00 €;8 632 041,73 €;À qualifier;Pack FLE métier bâtiment, plutôt contenus que LMS complet;Ouvrir la preuve;https://www.akkel.fr/appel-offre/2024-138917-marche-services-formation-benefice-un;;;Montant = attribution du groupement.
C;CCI du Cantal;Prospect sectoriel;FLE métiers BTP / aide à la personne;France Travail Auvergne-Rhône-Alpes;Lot 4 – Bâtiment second œuvre / électricité + FLE métiers;03 / 63 / 15;12/12/2024;2 000 000,00 €;8 632 041,73 €;À qualifier;"Contenus FLE métier ; offre packagée par filière";Ouvrir la preuve;https://www.akkel.fr/appel-offre/2024-138917-marche-services-formation-benefice-un;;;Également membre d'autres lots comportant du FLE métier.
B;GRETA CFA Loire;Institutionnel / à qualifier;FLE métiers BTP;France Travail Auvergne-Rhône-Alpes;Lot 5 – Bâtiment second œuvre / électricité + FLE métiers;42 / 43;12/12/2024;891 160,00 €;4 296 882,33 €;À qualifier;Contenus FLE métier + interopérabilité;Ouvrir la preuve;https://www.akkel.fr/appel-offre/2024-138917-marche-services-formation-benefice-un;;;Montant = attribution du groupement.
B;GRETA CFA Lyon Métropole;Institutionnel / à qualifier;FLE métiers BTP;France Travail Auvergne-Rhône-Alpes;Lot 6 – Bâtiment second œuvre / électricité + FLE métiers;Rhône;12/12/2024;2 700 000,00 €;14 542 668,97 €;À qualifier;Contenus métier / intégration LMS;Ouvrir la preuve;https://www.akkel.fr/appel-offre/2024-138917-marche-services-formation-benefice-un;;;Montant = attribution du groupement.
B;IFRA;Prospect direct;FLE métiers BTP;France Travail Auvergne-Rhône-Alpes;Lot 6 – Bâtiment second œuvre / électricité + FLE métiers;Rhône;12/12/2024;2 700 000,00 €;14 542 668,97 €;Non vérifiée;"Plateforme + contenus ; organisme formation/insertion multi-thématiques";Ouvrir la preuve;https://www.akkel.fr/appel-offre/2024-138917-marche-services-formation-benefice-un;;;Montant = attribution du groupement.
B;FCR Lyon;Prospect direct;FLE métiers BTP;France Travail Auvergne-Rhône-Alpes;Lot 6 – Bâtiment second œuvre / électricité + FLE métiers;Rhône;12/12/2024;2 700 000,00 €;14 542 668,97 €;Non vérifiée;"Contenus FLE métier ; qualifier le LMS actuel";Ouvrir la preuve;https://www.akkel.fr/appel-offre/2024-138917-marche-services-formation-benefice-un;;;Montant = attribution du groupement.
B;GRETA CFA Rhône;Institutionnel / à qualifier;FLE métiers BTP;France Travail Auvergne-Rhône-Alpes;Lot 6 – Bâtiment second œuvre / électricité + FLE métiers;Rhône;12/12/2024;2 700 000,00 €;14 542 668,97 €;À qualifier;Contenus FLE métier / intégration;Ouvrir la preuve;https://www.akkel.fr/appel-offre/2024-138917-marche-services-formation-benefice-un;;;Montant = attribution du groupement.
B;Les Clés de l'Atelier;Prospect direct;FLE métiers BTP;France Travail Auvergne-Rhône-Alpes;Lot 6 – Bâtiment second œuvre / électricité + FLE métiers;Rhône;12/12/2024;2 700 000,00 €;14 542 668,97 €;Non vérifiée;"Contenus FLE métier ; potentiel agile / décision courte";Ouvrir la preuve;https://www.akkel.fr/appel-offre/2024-138917-marche-services-formation-benefice-un;;;Montant = attribution du groupement.
B;FCR 38;Prospect direct;FLE métiers BTP;France Travail Auvergne-Rhône-Alpes;Lot 7 – Bâtiment second œuvre / électricité + FLE métiers;38 / 01 / 73 / 74;12/12/2024;5 470 000,00 €;28 345 526,44 €;Non vérifiée;Contenus + plateforme pour déploiement multi-sites;Ouvrir la preuve;https://www.akkel.fr/appel-offre/2024-138917-marche-services-formation-benefice-un;;;Montant = attribution du groupement.
B;GRETA Savoie Haute-Savoie;Institutionnel / à qualifier;FLE métiers BTP;France Travail Auvergne-Rhône-Alpes;Lot 7 – Bâtiment second œuvre / électricité + FLE métiers;38 / 01 / 73 / 74;12/12/2024;5 470 000,00 €;28 345 526,44 €;À qualifier;Contenus métier / interopérabilité;Ouvrir la preuve;https://www.akkel.fr/appel-offre/2024-138917-marche-services-formation-benefice-un;;;Montant = attribution du groupement.
B;ASDER;Prospect sectoriel;FLE métiers BTP;France Travail Auvergne-Rhône-Alpes;Lot 7 – Bâtiment second œuvre / électricité + FLE métiers;38 / 01 / 73 / 74;12/12/2024;5 470 000,00 €;28 345 526,44 €;Non vérifiée;FLE appliqué aux métiers techniques / bâtiment;Ouvrir la preuve;https://www.akkel.fr/appel-offre/2024-138917-marche-services-formation-benefice-un;;;Montant = attribution du groupement.
B;GRETA CFA de l'Ain;Institutionnel / à qualifier;FLE métiers BTP;France Travail Auvergne-Rhône-Alpes;Lot 7 – Bâtiment second œuvre / électricité + FLE métiers;38 / 01 / 73 / 74;12/12/2024;5 470 000,00 €;28 345 526,44 €;À qualifier;Contenus métier / intégration;Ouvrir la preuve;https://www.akkel.fr/appel-offre/2024-138917-marche-services-formation-benefice-un;;;Montant = attribution du groupement.
C;APLOMB;Prospect sectoriel;FLE métiers BTP;France Travail Auvergne-Rhône-Alpes;Lot 7 – Bâtiment second œuvre / électricité + FLE métiers;38 / 01 / 73 / 74;12/12/2024;5 470 000,00 €;28 345 526,44 €;Non vérifiée;Contenus FLE métier ciblés;Ouvrir la preuve;https://www.akkel.fr/appel-offre/2024-138917-marche-services-formation-benefice-un;;;Montant = attribution du groupement.
C;FCR PDS;Prospect sectoriel;FLE métiers BTP;France Travail Auvergne-Rhône-Alpes;Lot 7 – Bâtiment second œuvre / électricité + FLE métiers;38 / 01 / 73 / 74;12/12/2024;5 470 000,00 €;28 345 526,44 €;Non vérifiée;Qualifier l'usage FLE réel et la volumétrie;Ouvrir la preuve;https://www.akkel.fr/appel-offre/2024-138917-marche-services-formation-benefice-un;;;Montant = attribution du groupement.
C;MFR Champ Molliaz;Prospect sectoriel;FLE métiers BTP;France Travail Auvergne-Rhône-Alpes;Lot 7 – Bâtiment second œuvre / électricité + FLE métiers;38 / 01 / 73 / 74;12/12/2024;5 470 000,00 €;28 345 526,44 €;Non vérifiée;Contenus FLE métier en complément des parcours;Ouvrir la preuve;https://www.akkel.fr/appel-offre/2024-138917-marche-services-formation-benefice-un;;;Montant = attribution du groupement.
B;WEAVERS;Prospect direct;FLE métiers BTP / hôtellerie / industrie;France Travail Auvergne-Rhône-Alpes;Lot 7 – Bâtiment second œuvre / électricité + FLE métiers;38 / 01 / 73 / 74;12/12/2024;5 470 000,00 €;28 345 526,44 €;Non vérifiée;"Très bon fit insertion + publics allophones ; plateforme et contenus contextualisés";Ouvrir la preuve;https://www.akkel.fr/appel-offre/2024-138917-marche-services-formation-benefice-un;;;Présent sur plusieurs lots intégrant du FLE métier.
B;Nouvelle Donne;Prospect direct;FLE métiers BTP / aide à la personne;France Travail Auvergne-Rhône-Alpes;Lot 8 – Bâtiment second œuvre / électricité + FLE métiers;Ardèche / Drôme;12/12/2024;1 100 000,00 €;5 090 195,70 €;Non vérifiée;Plateforme + contenus contextualisés;Ouvrir la preuve;https://www.akkel.fr/appel-offre/2024-138917-marche-services-formation-benefice-un;;;Montant = attribution du groupement.
B;UFCVL;Prospect direct;FLE métiers de l'éducation / aide à la personne;France Travail Auvergne-Rhône-Alpes;Lot 11 – Éducation aide à la personne + FLE métiers;03 / 63 / 15;12/12/2024;1 310 000,00 €;8 077 499,07 €;Non vérifiée;Contenus FLE métier médico-social / petite enfance;Ouvrir la preuve;https://www.akkel.fr/appel-offre/2024-138917-marche-services-formation-benefice-un;;;Montant = attribution du groupement.
B;AKSIS;Prospect / grand compte;FLE métiers aide à la personne;France Travail Auvergne-Rhône-Alpes;Lot 13 – Éducation aide à la personne + FLE métiers;Rhône / Ain;12/12/2024;2 360 000,00 €;17 635 349,15 €;Non vérifiée;"Plateforme + contenus ; acteur insertion à forte volumétrie";Ouvrir la preuve;https://www.akkel.fr/appel-offre/2024-138917-marche-services-formation-benefice-un;;;Montant = attribution du groupement.
B;NACARAT;Prospect direct;FLE métiers aide à la personne;France Travail Auvergne-Rhône-Alpes;Lot 13 – Éducation aide à la personne + FLE métiers;Rhône / Ain;12/12/2024;2 360 000,00 €;17 635 349,15 €;Non vérifiée;Contenus FLE métier + outils d'accompagnement;Ouvrir la preuve;https://www.akkel.fr/appel-offre/2024-138917-marche-services-formation-benefice-un;;;Montant = attribution du groupement.
B;MOOVEUS;Prospect / grand compte;FLE métiers aide à la personne;France Travail Auvergne-Rhône-Alpes;Lot 13 – Éducation aide à la personne + FLE métiers;Rhône / Ain;12/12/2024;2 360 000,00 €;17 635 349,15 €;Non vérifiée;Plateforme + contenus, à qualifier sur stratégie digitale interne;Ouvrir la preuve;https://www.akkel.fr/appel-offre/2024-138917-marche-services-formation-benefice-un;;;Montant = attribution du groupement.
A;Forez Insertion Formation Conseil;Prospect direct;FLE métiers aide à la personne;France Travail Auvergne-Rhône-Alpes;Lot 13 – Éducation aide à la personne + FLE métiers;Rhône / Ain;12/12/2024;2 360 000,00 €;17 635 349,15 €;Non vérifiée;Organisme insertion/formation : bon profil acheteur de solution clé en main;Ouvrir la preuve;https://www.akkel.fr/appel-offre/2024-138917-marche-services-formation-benefice-un;;;Montant = attribution du groupement.
B;Croix-Rouge Compétence;Prospect / grand compte;FLE métiers aide à la personne;France Travail Auvergne-Rhône-Alpes;Lot 13 – Éducation aide à la personne + FLE métiers;Rhône / Ain;12/12/2024;2 360 000,00 €;17 635 349,15 €;À qualifier;"Contenus FLE métier santé/social ; vente nationale possible";Ouvrir la preuve;https://www.akkel.fr/appel-offre/2024-138917-marche-services-formation-benefice-un;;;Montant = attribution du groupement.
B;Learning System;Prospect direct;FLE métiers aide à la personne;France Travail Auvergne-Rhône-Alpes;Lot 13 – Éducation aide à la personne + FLE métiers;Rhône / Ain;12/12/2024;2 360 000,00 €;17 635 349,15 €;À qualifier;Qualifier s'il s'agit d'un éditeur ou d'un organisme acheteur avant prospection;Ouvrir la preuve;https://www.akkel.fr/appel-offre/2024-138917-marche-services-formation-benefice-un;;;Montant = attribution du groupement.
B;Eclipse ISTEC Groupe;Prospect direct;FLE métiers aide à la personne;France Travail Auvergne-Rhône-Alpes;Lot 13 – Éducation aide à la personne + FLE métiers;Rhône / Ain;12/12/2024;2 360 000,00 €;17 635 349,15 €;Non vérifiée;"Contenus + plateforme ; besoin à qualifier";Ouvrir la preuve;https://www.akkel.fr/appel-offre/2024-138917-marche-services-formation-benefice-un;;;Montant = attribution du groupement.
B;INFREP Drôme;Prospect direct;FLE métiers aide à la personne;France Travail Auvergne-Rhône-Alpes;Lot 14 – Éducation aide à la personne + FLE métiers;Ardèche / Drôme;12/12/2024;1 520 000,00 €;7 365 960,35 €;Non vérifiée;Plateforme + contenus FLE métier;Ouvrir la preuve;https://www.akkel.fr/appel-offre/2024-138917-marche-services-formation-benefice-un;;;Montant = attribution du groupement.
B;INFREP Ardèche;Prospect direct;FLE métiers aide à la personne;France Travail Auvergne-Rhône-Alpes;Lot 14 – Éducation aide à la personne + FLE métiers;Ardèche / Drôme;12/12/2024;1 520 000,00 €;7 365 960,35 €;Non vérifiée;Plateforme + contenus FLE métier;Ouvrir la preuve;https://www.akkel.fr/appel-offre/2024-138917-marche-services-formation-benefice-un;;;Montant = attribution du groupement.
B;CEFORA;Prospect direct;FLE métiers aide à la personne;France Travail Auvergne-Rhône-Alpes;Lot 14 – Éducation aide à la personne + FLE métiers;Ardèche / Drôme;12/12/2024;1 520 000,00 €;7 365 960,35 €;Non vérifiée;Contenus FLE métier / accompagnement;Ouvrir la preuve;https://www.akkel.fr/appel-offre/2024-138917-marche-services-formation-benefice-un;;;Montant = attribution du groupement.
B;DYNAM'&CO;Prospect direct;FLE métiers aide à la personne;France Travail Auvergne-Rhône-Alpes;Lot 14 – Éducation aide à la personne + FLE métiers;Ardèche / Drôme;12/12/2024;1 520 000,00 €;7 365 960,35 €;Non vérifiée;Contenus FLE métier / accompagnement;Ouvrir la preuve;https://www.akkel.fr/appel-offre/2024-138917-marche-services-formation-benefice-un;;;Montant = attribution du groupement.
B;Institut des Métiers Network;Prospect direct;FLE métiers hôtellerie-restauration;France Travail Auvergne-Rhône-Alpes;Lot 29 – Hôtellerie restauration + FLE métiers;Rhône;12/12/2024;608 480,00 €;5 322 498,17 €;Non vérifiée;Pack FLE métier hôtellerie-restauration;Ouvrir la preuve;https://www.akkel.fr/appel-offre/2024-138917-marche-services-formation-benefice-un;;;Montant = attribution du groupement.
B;GIPAL Formation;Institutionnel / à qualifier;FLE métiers hôtellerie-restauration;France Travail Auvergne-Rhône-Alpes;Lot 29 – Hôtellerie restauration + FLE métiers;Rhône;12/12/2024;608 480,00 €;5 322 498,17 €;À qualifier;Contenus métier / intégration dans environnement public;Ouvrir la preuve;https://www.akkel.fr/appel-offre/2024-138917-marche-services-formation-benefice-un;;;Montant = attribution du groupement.
B;GRETA CFA HRA;Institutionnel / à qualifier;FLE métiers hôtellerie-restauration;France Travail Auvergne-Rhône-Alpes;Lot 29 – Hôtellerie restauration + FLE métiers;Rhône;12/12/2024;608 480,00 €;5 322 498,17 €;À qualifier;Contenus métier / intégration;Ouvrir la preuve;https://www.akkel.fr/appel-offre/2024-138917-marche-services-formation-benefice-un;;;Montant = attribution du groupement.
